{"cameraMode":{"drawMode":0,"name":"Shaded","section":"Shading Mode"},"sceneLighting":false,"audioPlay":false,"sceneViewState":{"showFog":false,"showMaterialUpdate":false,"showSkybox":false,"showFlares":false,"showImageEffects":false,"showParticleSystems":false},"in2DMode":false,"pivot":{"x":170.79473876953126,"y":663.3504638671875,"z":-253.85955810546876},"rotation":{"x":-0.09911250323057175,"y":-0.02626979723572731,"z":0.0026175640523433687,"w":-0.9947329163551331},"size":560.591552734375,"orthographic":false}