{"cameraMode":{"drawMode":0,"name":"Shaded","section":"Shading Mode"},"sceneLighting":false,"audioPlay":false,"sceneViewState":{"showFog":false,"showMaterialUpdate":false,"showSkybox":false,"showFlares":false,"showImageEffects":false,"showParticleSystems":false},"in2DMode":false,"pivot":{"x":10.844182968139649,"y":332.3284606933594,"z":-47.910301208496097},"rotation":{"x":-0.03480137512087822,"y":0.009590789675712586,"z":-0.00033282986260019243,"w":-0.9993566274642944},"size":803.0084228515625,"orthographic":false}